{
  "wound_healing_real_spatial": {
    "Skin": {
      "models": {
        "RD-GKAN": 0.2831699252128601,
        "GNN": 0.25012654066085815
      },
      "N": 500,
      "n_matched": 880,
      "avg_degree": 5.196869373321533,
      "has_real_spatial": true
    },
    "Wound1": {
      "models": {
        "RD-GKAN": 0.29290011525154114,
        "GNN": 0.26405391097068787
      },
      "N": 500,
      "n_matched": 1745,
      "avg_degree": 4.226220607757568,
      "has_real_spatial": true
    },
    "Wound7": {
      "models": {
        "RD-GKAN": 0.27016958594322205,
        "GNN": 0.2870817482471466
      },
      "N": 500,
      "n_matched": 1334,
      "avg_degree": 4.657902240753174,
      "has_real_spatial": true
    },
    "Wound30": {
      "models": {
        "RD-GKAN": 0.24203236401081085,
        "GNN": 0.19418640434741974
      },
      "N": 500,
      "n_matched": 1996,
      "avg_degree": 4.115230560302734,
      "has_real_spatial": true
    }
  },
  "staph_temporal": {
    "s06": {
      "rmse": 0.3167278741087232,
      "D_learned": 0.4667570888996124,
      "N": 15,
      "T": 120,
      "n_frames": 224,
      "cells_per_frame": 16.772321428571427,
      "intensity_range": [
        0.0,
        975.4330357142856
      ]
    },
    "s07": {
      "rmse": 0.370822092464992,
      "D_learned": 0.33532005548477173,
      "N": 14,
      "T": 120,
      "n_frames": 297,
      "cells_per_frame": 12.023569023569024,
      "intensity_range": [
        0.0,
        4974.672597864768
      ]
    },
    "s08": {
      "rmse": 0.4700510595526014,
      "D_learned": 0.4565970301628113,
      "N": 13,
      "T": 120,
      "n_frames": 279,
      "cells_per_frame": 12.086021505376344,
      "intensity_range": [
        0.0,
        4501.595628415301
      ]
    },
    "s10": {
      "rmse": 0.740246765102659,
      "D_learned": 0.2796742916107178,
      "N": 11,
      "T": 120,
      "n_frames": 282,
      "cells_per_frame": 9.51418439716312,
      "intensity_range": [
        0.0,
        9652.137305699482
      ]
    },
    "s14": {
      "rmse": 0.11560461052826472,
      "D_learned": 0.37395820021629333,
      "N": 11,
      "T": 120,
      "n_frames": 134,
      "cells_per_frame": 9.32089552238806,
      "intensity_range": [
        0.0,
        6216.933962264151
      ]
    },
    "s15": {
      "rmse": 0.6676017982619149,
      "D_learned": 0.42083024978637695,
      "N": 11,
      "T": 120,
      "n_frames": 189,
      "cells_per_frame": 10.142857142857142,
      "intensity_range": [
        0.0,
        1141.021276595745
      ]
    }
  }
}