{
  "Full RD-GKAN": {
    "mean": 0.26713429888089496,
    "std": 0.006631975785085586,
    "all": [
      0.2740572392940521,
      0.25819292664527893,
      0.2691527307033539
    ]
  },
  "Self-only (no edges)": {
    "mean": 0.27341946959495544,
    "std": 0.009206528725395824,
    "all": [
      0.2804946303367615,
      0.26041632890701294,
      0.2793474495410919
    ]
  },
  "Diffusion-only": {
    "mean": 0.2849893967310588,
    "std": 0.007419467090238029,
    "all": [
      0.29476073384284973,
      0.2834148406982422,
      0.27679261565208435
    ]
  },
  "Linear reaction + diffusion": {
    "mean": 0.33412015438079834,
    "std": 0.012729609532094541,
    "all": [
      0.3201974630355835,
      0.3311980068683624,
      0.3509649932384491
    ]
  },
  "GNN": {
    "mean": 0.27605028947194415,
    "std": 0.01079217859641618,
    "all": [
      0.28781720995903015,
      0.26174890995025635,
      0.278584748506546
    ]
  }
}