{
  "dataset": "ERK MDCK waves",
  "N": 167,
  "T_total": 100,
  "T_train": 70,
  "avg_degree": 5.18,
  "split": "70/30 temporal",
  "one_step_rmse": {
    "Persistence": 0.09008457511663437,
    "AR(1)": 0.08995380252599716,
    "Self-only": {
      "mean": 0.0899686626661783,
      "std": 2.9370331391968095e-05
    },
    "RD-GKAN": {
      "mean": 0.09017880269508251,
      "std": 3.5305988019569704e-05
    },
    "MLP-RD": {
      "mean": 0.09025544981504309,
      "std": 9.239157667668071e-05
    }
  },
  "ar1_coef": {
    "a": 0.998001754283905,
    "b": 0.002955316798761487
  }
}