{
  "R2": 0.9131248666832272,
  "RMSE": 0.07783402155585492,
  "fitted_d": 0.4712796189561875,
  "fitted_rr": 0.05723723938593596,
  "fitted_D": 0.011000208857348804,
  "w_ij": 0.07412129156109665,
  "tail_exponent": -1.9471195495143643
}