{
 "source": "data/MacroscaleTestbed/dataset_SISO_testbed.csv",
 "R2": 0.9131117299507073,
 "fit_params": {
  "d": 0.47131931827390566,
  "r_r": 0.05719433412592678,
  "D_free": 0.011004116151596797,
  "A": 112.13626403787906
 },
 "t": [
  0.0,
  0.5,
  1.0,
  1.5,
  2.0,
  2.5,
  3.0,
  3.5,
  4.0,
  4.5,
  5.0,
  5.5,
  6.0,
  6.5,
  7.0,
  7.5,
  8.0,
  9.0,
  10.5,
  12.0,
  13.5,
  15.0,
  16.5,
  18.0,
  19.5,
  21.0,
  22.5,
  24.0,
  25.5,
  27.0,
  28.5,
  30.0
 ],
 "mean": [
  0.0,
  0.0,
  0.024276582649540086,
  0.43622279697404814,
  0.7673845002404002,
  0.9467252326249092,
  0.9898683729919495,
  0.9362215869827322,
  0.8546710374309093,
  0.7678061465332211,
  0.6895249881995341,
  0.6133737594531201,
  0.5508561155965449,
  0.4999632795243875,
  0.4530694740966467,
  0.41507348600895444,
  0.38046491910572866,
  0.32054092383995486,
  0.2535412970158092,
  0.2086204164459195,
  0.16923601252059461,
  0.14061184374273156,
  0.11736039362379225,
  0.09858330849641525,
  0.08322565314422067,
  0.07109492243403831,
  0.061963634359560524,
  0.05501028456538204,
  0.04959064687736243,
  0.04429018045057213,
  0.04033077374629127,
  0.03754632671596499
 ],
 "std": [
  0.0017585022805166192,
  0.0016449458411156392,
  0.05005349333475268,
  0.1470131805798828,
  0.09544572200473561,
  0.04493296677500803,
  0.011921896611586913,
  0.030991877252221117,
  0.04195030910582301,
  0.04425056120330523,
  0.043493445584802864,
  0.04509713349680362,
  0.046285446637976936,
  0.0442637279217616,
  0.043653657324055115,
  0.045752914143372785,
  0.046499059694987764,
  0.04376822365138194,
  0.03948935327403565,
  0.04003365908000129,
  0.030749348806470258,
  0.028747055107309027,
  0.02582451346335172,
  0.023826624194997065,
  0.02085472589260852,
  0.01893927631232082,
  0.018031687658733093,
  0.01678538281914645,
  0.015314949962995733,
  0.014525780688770622,
  0.014048510150584396,
  0.01345998350699946
 ],
 "cir_fit": [
  0.0,
  0.01769420519496915,
  0.30789980703881215,
  0.6142054208281306,
  0.7637058172008391,
  0.8068139789501003,
  0.7958106898196442,
  0.7602683068821655,
  0.7151743713361361,
  0.6678617723130702,
  0.6218033978478981,
  0.5785354055196329,
  0.5386235445248864,
  0.5021530018917792,
  0.46897943631838,
  0.43885841041773577,
  0.4115118712876939,
  0.36404519045090383,
  0.3073223986146641,
  0.2634817985335429,
  0.22892311374265376,
  0.20118132105901193,
  0.17854756055193854,
  0.15981485942298793,
  0.1441137085029939,
  0.13080565597163316,
  0.11941352213490122,
  0.1095748198746006,
  0.10101008079303592,
  0.09350092043402812,
  0.08687458208973714,
  0.0809928672514292
 ]
}