{
  "N_nodes": 500,
  "M_features": 8,
  "N_edges": 898,
  "lambda2": -1.4436285304225857e-16,
  "models": {
    "Graph KAN": {
      "1step_rmse": 0.3835287190772392,
      "10step_rmse": 0.43770185112953186,
      "50step_rmse": 0.5069538950920105
    },
    "GNN": {
      "1step_rmse": 0.03497496775880053,
      "10step_rmse": 0.09656129032373428,
      "50step_rmse": 0.45396608114242554
    },
    "GAT": {
      "1step_rmse": 2.699970393567472,
      "10step_rmse": 2.6616106033325195,
      "50step_rmse": 2.717639684677124
    }
  },
  "symbolic_accuracy_pct": 15.364935874938965,
  "spectral_radius": 1.1817941665649898,
  "stability_certified": false,
  "IT_bound_bits": 2.9661141369847295,
  "MI_achieved_bits": 2.5467749267170694,
  "IT_gap_dB": 0.6619729155865681,
  "sample_complexity": [
    [
      50,
      "5.148957"
    ],
    [
      100,
      "5.32744"
    ],
    [
      150,
      "13.920935"
    ],
    [
      200,
      "5.3483067"
    ],
    [
      300,
      "4.3004837"
    ],
    [
      400,
      "14.39329"
    ]
  ],
  "gene_names": [
    "MGP",
    "IGKC",
    "IGLC2",
    "COX6C",
    "IGHG3",
    "IGHG4",
    "ALB",
    "IGLC7"
  ]
}