{
  "hill_Vmax": 1.060158063405016,
  "hill_Kd": 0.4121877613890893,
  "hill_n": 0.8568259101640736,
  "hill_R2": 0.9704063265215096,
  "symbolic_accuracy_pct": 7.648404349274061,
  "dominant_kinetics": "x^2/(K^2+x^2)"
}