{
 "source": "GeorgiaTechQS/Combined lasI.csv (time>=10h)",
 "doses": [
  0.0,
  0.02,
  0.05,
  0.1,
  0.2,
  0.5,
  1.0,
  2.0,
  3.0,
  4.0,
  5.0
 ],
 "rlu_od_norm_mean": [
  0.09993511900143225,
  0.05351566543145806,
  0.3218541351438642,
  0.6132657678114064,
  0.4303086297827819,
  0.6675424691295802,
  0.8625544098647282,
  0.9057444543257932,
  0.8936913648924965,
  0.9656277861656162,
  1.0
 ],
 "rlu_od_norm_std": [
  0.10432892199921638,
  0.0698217886690383,
  0.3511208407398844,
  0.41041239181463135,
  0.30257201047135596,
  0.4047615125271789,
  0.4325681277086946,
  0.44095189540652774,
  0.44718948496075234,
  0.47494607910058173,
  0.48576045453473327
 ],
 "hill_fit": {
  "V": 1.0528115794409925,
  "K": 0.17711900933822722,
  "n": 0.7362114661732682,
  "R2": 0.9287955003453836
 }
}