{
  "prediction": {
    "GraphKAN": {
      "1step": "0.0106 \u00b1 0.0000",
      "50step": "0.1864 \u00b1 0.0005",
      "1step_mean": 0.010621455707268355,
      "1step_std": 3.98411161693829e-06,
      "50step_mean": 0.18643116652965547,
      "50step_std": 0.0005354744787989108
    },
    "GNN": {
      "1step": "0.0316 \u00b1 0.0006",
      "50step": "0.2903 \u00b1 0.0252",
      "1step_mean": 0.03162717636521549,
      "1step_std": 0.0005617969102419254,
      "50step_mean": 0.29027909636497495,
      "50step_std": 0.025162918909157166
    },
    "GAT": {
      "1step": "1.2715 \u00b1 0.0057",
      "50step": "53.2733 \u00b1 55.0458",
      "1step_mean": 1.2714923933760762,
      "1step_std": 0.005705306548900645,
      "50step_mean": 53.27332563400269,
      "50step_std": 55.045799201705584
    }
  },
  "C_bound": 2.954399836306666,
  "MI": 7.6202122728743396,
  "gap_dB": 0.0,
  "rho": 1.0,
  "elapsed_min": 22.35024418036143
}