{
  "wound_spatial": {},
  "staph_temporal": {
    "s02": {
      "rmse": 4.746343256556429e-05,
      "D_learned": 1.508749664935749e-05,
      "N": 11,
      "T": 100,
      "n_frames": 180,
      "cells_per_frame": 10.044444444444444
    },
    "s03": {
      "rmse": 1.2865510825577076e-06,
      "D_learned": 7.35017233963333e-16,
      "N": 11,
      "T": 100,
      "n_frames": 193,
      "cells_per_frame": 11.05181347150259
    },
    "s07": {
      "rmse": 0.5135864635993694,
      "D_learned": 0.601535975933075,
      "N": 13,
      "T": 100,
      "n_frames": 297,
      "cells_per_frame": 12.023569023569024
    }
  }
}