{
  "spatial": {
    "prediction": {
      "Graph KAN": {
        "mean": 0.26224565505981445,
        "std": 0.006976262452006549,
        "all": [
          0.2717443108558655,
          0.2536173164844513,
          0.2670753300189972,
          0.25497424602508545,
          0.26381707191467285
        ]
      },
      "GNN": {
        "mean": 0.27265308499336244,
        "std": 0.011304468999168158,
        "all": [
          0.28748682141304016,
          0.2594397962093353,
          0.27588367462158203,
          0.2596890330314636,
          0.280766099691391
        ]
      },
      "GAT": {
        "mean": 0.3039245903491974,
        "std": 0.007552481167550849,
        "all": [
          0.3162080943584442,
          0.3054580092430115,
          0.29359471797943115,
          0.29908445477485657,
          0.30527767539024353
        ]
      },
      "GRAND": {
        "mean": 0.2777761697769165,
        "std": 0.006585516438643379,
        "all": [
          0.2855774760246277,
          0.2684028446674347,
          0.28437572717666626,
          0.27281972765922546,
          0.2777050733566284
        ]
      },
      "GREAD": {
        "mean": 0.28266522884368894,
        "std": 0.006628192185127468,
        "all": [
          0.2909349799156189,
          0.2752051055431366,
          0.28274205327033997,
          0.2753218710422516,
          0.2891221344470978
        ]
      }
    },
    "graph_stats": {
      "N": 500,
      "n_edges_undirected": 1215,
      "n_edges_directed": 2430,
      "avg_degree": 4.86,
      "min_degree": 0.0,
      "max_degree": 11.0,
      "lambda_2": -8.606499347601017e-17,
      "lambda_N": 1.9734624062327841,
      "mean_weight": 0.09186854874836575
    },
    "gene_names": [
      "MGP",
      "IGKC",
      "IGLC2",
      "COX6C",
      "IGHG3",
      "IGHG4",
      "ALB",
      "IGLC1"
    ]
  },
  "stability": {
    "best_rho": 1.0007162988185883,
    "best_tau": 0.001,
    "stable": false,
    "jacobian_eigenvalues": [
      0.3277137875556946,
      -0.29087066650390625,
      -0.33117830753326416,
      0.31068921089172363,
      0.4663318395614624,
      0.34596771001815796,
      0.7162988185882568,
      -0.014007091522216797
    ]
  },
  "qs": {
    "hill_fit": {
      "V_max": 1.0528116005249857,
      "K_d": 0.17711902556014383,
      "n": 0.7362114575240746,
      "R2": 0.928795498372811
    },
    "symbolic": {
      "dominant": "Hill_2(K=0.18)",
      "coefficients": {
        "1": 0.0,
        "x": 0.12130800271385382,
        "x^2": -0.017842576057795184,
        "MM(K=0.18)": 0.0,
        "Hill_2(K=0.18)": 0.44857203335850826,
        "Hill_n(n=0.74,K=0.18)": 0.0,
        "exp(-x)": 0.0
      },
      "epsilon_recon_pct": 12.586433756158815
    }
  },
  "t_scaling": {
    "50": {
      "success_rate": 0.0,
      "mean_eps_sym": 50.592349621218695,
      "std_eps_sym": 2.323787388707748
    },
    "100": {
      "success_rate": 0.0,
      "mean_eps_sym": 50.923989232633915,
      "std_eps_sym": 2.1653543555317682
    },
    "200": {
      "success_rate": 0.0,
      "mean_eps_sym": 48.31025675766765,
      "std_eps_sym": 0.9967617081527237
    },
    "500": {
      "success_rate": 0.0,
      "mean_eps_sym": 48.55857909300288,
      "std_eps_sym": 0.5635791590927539
    },
    "1000": {
      "success_rate": 0.0,
      "mean_eps_sym": 49.18138118504563,
      "std_eps_sym": 0.6948596081609906
    },
    "ground_truth": {
      "kinetics": "Hill(n=2)",
      "alpha_true": [
        0.0,
        -0.1,
        0.0,
        0.0,
        0.0,
        0.5,
        0.0,
        0.0
      ]
    }
  },
  "it_bound": {
    "C_bound": 0.29117849976420884,
    "I_per_link": 0.07541470974683762,
    "I_multihop": 1.9066612720489502,
    "per_link_below_bound": true
  }
}