{
  "spatial": {
    "breast_cancer": {
      "unmasked": {
        "RD-GKAN": {
          "mean": 0.26243149042129515,
          "std": 0.006991477436738053
        },
        "GNN": {
          "mean": 0.2724171459674835,
          "std": 0.011928182283586783
        },
        "GAT": {
          "mean": 0.30507892370224,
          "std": 0.006676626767024794
        }
      },
      "masked": {
        "RD-GKAN": {
          "mean": 0.9846607923507691,
          "std": 0.08872958493151348
        },
        "GNN": {
          "mean": 0.987045693397522,
          "std": 0.08626289817185478
        },
        "GAT": {
          "mean": 0.9875442266464234,
          "std": 0.09358366971975271
        }
      },
      "graph_stats": {
        "N": 500,
        "n_edges_undirected": 1215,
        "n_edges_directed": 2430,
        "avg_degree": 4.86,
        "min_degree": 0.0,
        "max_degree": 11.0,
        "lambda_2": -8.606499347601017e-17,
        "lambda_N": 1.9734624062327841,
        "mean_weight": 0.09186854874836575
      },
      "gene_names": [
        "MGP",
        "IGKC",
        "IGLC2",
        "COX6C",
        "IGHG3",
        "IGHG4",
        "ALB",
        "IGLC1"
      ]
    },
    "intestine": {
      "unmasked": {
        "RD-GKAN": {
          "mean": 0.25702665448188783,
          "std": 0.006845939815561352
        },
        "GNN": {
          "mean": 0.26414135098457336,
          "std": 0.010275356928376488
        },
        "GAT": {
          "mean": 0.302819162607193,
          "std": 0.011265838353670865
        }
      },
      "masked": {
        "RD-GKAN": {
          "mean": 0.98023841381073,
          "std": 0.09348700404885958
        },
        "GNN": {
          "mean": 0.9975847363471985,
          "std": 0.07945654731338968
        },
        "GAT": {
          "mean": 0.9938945055007935,
          "std": 0.0865879576392661
        }
      },
      "graph_stats": {
        "N": 434,
        "n_edges_undirected": 1368,
        "n_edges_directed": 2736,
        "avg_degree": 6.304147465437788,
        "min_degree": 2.0,
        "max_degree": 9.0,
        "lambda_2": 0.0035890001491265264,
        "lambda_N": 1.2369289755904898,
        "mean_weight": 0.1237157293386111
      },
      "gene_names": [
        "HBG2",
        "HBA2",
        "MT1H",
        "MT1G",
        "ACTG2",
        "COL3A1",
        "TTR",
        "TAGLN"
      ]
    }
  },
  "qs": {
    "LasI": {
      "hill_fit": {
        "V": 2.188111785474841,
        "K": 49.999999999235506,
        "n": 0.10472283145513774,
        "R2": 0.9398004205992398
      },
      "symbolic": {
        "dominant": "x",
        "eps_recon": 23.48102735514602,
        "coeffs": {
          "1": 0.0,
          "x": 0.0438962784622585,
          "x^2": -0.0070670943119854205,
          "MM(K=50.00)": 0.0,
          "Hill_2(K=50.00)": 0.0,
          "Hill_n(n=0.10)": 0.0,
          "exp(-x)": -0.0
        }
      },
      "n_data": 6080,
      "n_doses": 8
    },
    "RhlI": {
      "hill_fit": {
        "V": 2.150824949482101,
        "K": 49.99999999999053,
        "n": 0.1243341704800966,
        "R2": 0.938573710348644
      },
      "symbolic": {
        "dominant": "x",
        "eps_recon": 25.146602568888405,
        "coeffs": {
          "1": 0.0,
          "x": 0.07246165858727502,
          "x^2": -0.009331658581102135,
          "MM(K=50.00)": 0.0,
          "Hill_2(K=50.00)": 0.0,
          "Hill_n(n=0.12)": 0.0,
          "exp(-x)": -0.0
        }
      },
      "n_data": 6080,
      "n_doses": 8
    },
    "LasB": {
      "hill_fit": {
        "V": 2.6581209954391447,
        "K": 49.99999999999965,
        "n": 0.25976802869552684,
        "R2": 0.9717760244600965
      },
      "symbolic": {
        "dominant": "x",
        "eps_recon": 17.967114813013026,
        "coeffs": {
          "1": 0.0,
          "x": 0.09866621905079691,
          "x^2": -0.004575135859581261,
          "MM(K=50.00)": 0.0,
          "Hill_2(K=50.00)": 0.0,
          "Hill_n(n=0.26)": 0.0,
          "exp(-x)": -0.0
        }
      },
      "n_data": 6080,
      "n_doses": 8
    }
  },
  "cir": {
    "R2": 0.0,
    "d": 0.5,
    "rr": 0.05,
    "D": 0.01,
    "w_ij": 0.05612758361345778,
    "n_measurements": 40
  },
  "noise": {
    "mean": NaN,
    "std": NaN,
    "n_records": 12,
    "n_samples": 19262
  },
  "anc": {
    "propagation_R2": 0.0,
    "n_runs": 10,
    "n_time_steps": 66,
    "anc_ber": 0.3666666666660555,
    "anc_transmissions": 60,
    "mean_snr_db": 18.018621965202332
  },
  "ablations": {
    "spline_rmse": {
      "mean": 0.1560327468935206,
      "std": 0.0046597938604508475
    },
    "mlp_rmse": {
      "mean": 0.9746074403786401,
      "std": 0.545284904726334
    },
    "h_scaling": {
      "0.02": 0.0005064716943750375,
      "0.01": 0.00025338513025694435,
      "0.005": 0.00012673012662364907,
      "0.002": 5.0701633310754636e-05,
      "0.001": 2.5352221773413558e-05
    },
    "h_exponent": 0.9996431746319281
  }
}