{
  "erk_controls": {
    "Full RD-GKAN": {
      "one_step": 0.09027206897735596,
      "rollout": 0.32428497076034546,
      "D_theta": 0.20894423127174377
    },
    "Self-only (no edges)": {
      "one_step": 0.08999634200129016,
      "rollout": 0.3078683614730835,
      "D_theta": 0.0001005285230348818
    },
    "Graph-shuffled": {
      "one_step": 0.09001279236941502,
      "rollout": 0.30716589093208313,
      "D_theta": 0.051913708448410034
    },
    "Diffusion-only": {
      "one_step": 0.08996572782253397,
      "rollout": 0.30927515029907227,
      "D_theta": 0.1350671499967575
    },
    "Linear-RD": {
      "one_step": 0.09010051396386377,
      "rollout": 0.3109458088874817,
      "D_theta": 0.189913809299469
    }
  },
  "staph_controls": {
    "Full RD-GKAN": {
      "one_step": 0.37105017006397245,
      "D_theta": 0.4271833896636963
    },
    "Self-only (no edges)": {
      "one_step": 0.3870655570711408,
      "D_theta": 0.0006375850061886013
    },
    "Graph-shuffled": {
      "one_step": 0.3858330739395959,
      "D_theta": 0.47766372561454773
    },
    "Diffusion-only": {
      "one_step": 0.298775095811912,
      "D_theta": 0.4550819993019104
    },
    "Linear-RD": {
      "one_step": 0.3284469276666641,
      "D_theta": 0.391987681388855
    }
  },
  "wound_splines": {
    "Skin": {
      "psi_min": -0.13988429307937622,
      "psi_max": 0.20113369822502136
    },
    "Wound1": {
      "psi_min": -0.0912853479385376,
      "psi_max": 0.054824016988277435
    },
    "Wound7": {
      "psi_min": -0.02739153429865837,
      "psi_max": 0.16315674781799316
    },
    "Wound30": {
      "psi_min": -0.09664016216993332,
      "psi_max": 0.044535644352436066
    }
  }
}