{
  "ablations": {
    "spline_rmse": {
      "mean": 0.012658945433489825,
      "std": 0.0021098531331177938
    },
    "mlp_rmse": {
      "mean": 9.761626265578352,
      "std": 8.204576123347755
    },
    "spline_eps_sym": 80.53833770751953,
    "G_3_eps_sym": 98.21067810058594,
    "G_5_eps_sym": 65.15261840820312,
    "G_8_eps_sym": 80.91553497314453,
    "G_12_eps_sym": 78.05717468261719,
    "G_20_eps_sym": 99.30240631103516,
    "mc_weights_rmse": {
      "mean": 0.09782625224124819,
      "std": 0.10752829129960007
    },
    "uniform_weights_rmse": {
      "mean": 0.23407786360606098,
      "std": 0.1575691072797818
    }
  },
  "stability": {
    "mu": -3.2014213502407074e-06,
    "D_learned": 0.0072752623818814754,
    "rho": 0.9999967813491821,
    "stable": true,
    "cfl_bound": 2571.694580078125,
    "fixed_point_mean": 2.6607376309270503
  },
  "qs": {
    "hill_fit": {
      "V": 1.0528116005249857,
      "K": 0.17711902556014383,
      "n": 0.7362114575240746,
      "R2": 0.928795498372811
    },
    "symbolic": {
      "dominant": "Hill_2(K=0.18)",
      "coeffs": {
        "1": 0.0,
        "x": 0.09388587253579037,
        "x^2": -0.012490173499368498,
        "MM(K=0.18)": 0.0,
        "Hill_2(K=0.18)": 0.479034368461522,
        "Hill_n(n=0.74)": 0.0,
        "exp(-x)": 0.0
      },
      "eps_recon": 13.383402054465579
    }
  }
}