{
  "breast": {
    "N": 500,
    "M": 8,
    "genes": [
      "MGP",
      "IGKC",
      "IGLC2",
      "COX6C",
      "IGHG3",
      "IGHG4",
      "ALB",
      "IGLC1"
    ],
    "D_theta": 0.44944900274276733,
    "reaction_slopes_at_mean": [
      -0.07213279604911804,
      -0.13960525393486023,
      -0.13520009815692902,
      -0.1892242580652237,
      -0.10764598846435547,
      -0.1680813729763031,
      -0.27531012892723083,
      -0.16593188047409058
    ],
    "eps_recon_per_gene": [
      0.019214331960068148,
      0.01591139018328352,
      0.006705359395738231,
      0.040416122187357205,
      0.02903542442527315,
      0.023080350508327532,
      0.0015981574241833011,
      0.00575534678379304
    ],
    "dominant_basis_per_gene": [
      "log",
      "log",
      "log",
      "log",
      "log",
      "log",
      "x^2",
      "log"
    ],
    "eps_recon_min": 0.0015981574241833011,
    "eps_recon_max": 0.040416122187357205,
    "eps_recon_mean": 0.017714560358503016,
    "n_linear_dominant": 0,
    "rho_A": 0.9278671741485596
  },
  "intestine": {
    "N": 434,
    "M": 8,
    "genes": [
      "HBG2",
      "HBA2",
      "MT1H",
      "MT1G",
      "ACTG2",
      "COL3A1",
      "TTR",
      "TAGLN"
    ],
    "D_theta": 0.956206738948822,
    "reaction_slopes_at_mean": [
      -0.0030563678592443466,
      -0.043764710426330566,
      0.08924305438995361,
      0.14656316488981247,
      -0.0849701464176178,
      -0.05540531128644943,
      0.03244727849960327,
      -0.04631467163562775
    ],
    "eps_recon_per_gene": [
      0.08061458856340159,
      0.01618255948524886,
      0.02098732943379625,
      0.07343170938106398,
      0.004360144540331576,
      0.006378155541262112,
      0.011490018045246648,
      0.03682702099756728
    ],
    "dominant_basis_per_gene": [
      "log",
      "log",
      "log",
      "log",
      "x",
      "log",
      "log",
      "log"
    ],
    "eps_recon_min": 0.004360144540331576,
    "eps_recon_max": 0.08061458856340159,
    "eps_recon_mean": 0.03128394074848979,
    "n_linear_dominant": 1,
    "rho_A": 1.146563172340393
  }
}