{
  "_meta": {
    "n_seeds": 5,
    "sigma": 0.3,
    "device": "cuda",
    "model": "constrained RD_GKAN (eq.11) for RD-GKAN/Self-only",
    "protocol": "3-way region split (~60/20/20 whole k-means regions); INDUCTIVE (edges among active set only, /N_full); early-stop+checkpoint on VALIDATION; test computed ONCE; CIR edge weights; noise sigma=0.3; Self-only=RD_GKAN with D_theta frozen 0"
  },
  "unmasked": {
    "breast": {
      "N": 500,
      "M": 8,
      "graph": {
        "N": 500,
        "n_edges_undirected": 1215,
        "n_edges_directed": 2430,
        "avg_degree": 4.86,
        "min_degree": 0.0,
        "max_degree": 11.0,
        "lambda_2": -2.087677589691015e-16,
        "lambda_N": 1.973462406232786,
        "mean_weight": 0.09186854874836575
      },
      "genes": [
        "MGP",
        "IGKC",
        "IGLC2",
        "COX6C",
        "IGHG3",
        "IGHG4",
        "ALB",
        "IGLC1"
      ],
      "RD-GKAN": {
        "mean": 0.28818707466125487,
        "std": 0.003886370358901584,
        "all": [
          0.295381098985672,
          0.2862699031829834,
          0.28411370515823364,
          0.2864077687263489,
          0.2887628972530365
        ]
      },
      "Self-only": {
        "mean": 0.28833297491073606,
        "std": 0.003576750223465194,
        "all": [
          0.29459521174430847,
          0.28643766045570374,
          0.28429338335990906,
          0.28662237524986267,
          0.2897162437438965
        ]
      },
      "GNN": {
        "mean": 0.287563169002533,
        "std": 0.00758281260760339,
        "all": [
          0.29934585094451904,
          0.28572511672973633,
          0.2862425446510315,
          0.2759588956832886,
          0.29054343700408936
        ]
      },
      "GAT": {
        "mean": 0.3076027989387512,
        "std": 0.006179381445937961,
        "all": [
          0.3170712888240814,
          0.3100976049900055,
          0.2980673611164093,
          0.3056221902370453,
          0.3071555495262146
        ]
      },
      "GRAND": {
        "mean": 0.2829902946949005,
        "std": 0.006235393626644589,
        "all": [
          0.2927437424659729,
          0.2756161391735077,
          0.2803134024143219,
          0.2787984311580658,
          0.2874797582626343
        ]
      },
      "GREAD": {
        "mean": 0.28820069432258605,
        "std": 0.008537262019145926,
        "all": [
          0.30265340209007263,
          0.28582891821861267,
          0.2871358394622803,
          0.27605536580085754,
          0.2893299460411072
        ]
      },
      "noisy_identity": {
        "mean": 0.3013404130935669,
        "std": 0.007901489814426765,
        "all": [
          0.3144015967845917,
          0.3022264540195465,
          0.28994297981262207,
          0.29811155796051025,
          0.30201947689056396
        ]
      },
      "neighbor_avg": {
        "mean": 0.6915958404541016,
        "std": 0.01473104643722128,
        "all": [
          0.6902543306350708,
          0.6911011338233948,
          0.6791486740112305,
          0.6784147024154663,
          0.7190603613853455
        ]
      }
    },
    "intestine": {
      "N": 434,
      "M": 8,
      "graph": {
        "N": 434,
        "n_edges_undirected": 1367,
        "n_edges_directed": 2734,
        "avg_degree": 6.299539170506913,
        "min_degree": 2.0,
        "max_degree": 9.0,
        "lambda_2": 0.003584187171218844,
        "lambda_N": 1.2369266205670382,
        "mean_weight": 0.12378533686731501
      },
      "genes": [
        "HBG2",
        "HBA2",
        "MT1H",
        "MT1G",
        "ACTG2",
        "COL3A1",
        "TTR",
        "TAGLN"
      ],
      "RD-GKAN": {
        "mean": 0.2859751462936401,
        "std": 0.007640837164283128,
        "all": [
          0.2950998544692993,
          0.2875412702560425,
          0.2730642855167389,
          0.2913888990879059,
          0.2827814221382141
        ]
      },
      "Self-only": {
        "mean": 0.2859580636024475,
        "std": 0.007671425213823202,
        "all": [
          0.2944011390209198,
          0.2874779999256134,
          0.27236348390579224,
          0.29159820079803467,
          0.28394949436187744
        ]
      },
      "GNN": {
        "mean": 0.272876513004303,
        "std": 0.010009024291532878,
        "all": [
          0.28196150064468384,
          0.2877388894557953,
          0.26479408144950867,
          0.26316896080970764,
          0.26671913266181946
        ]
      },
      "GAT": {
        "mean": 0.3064877212047577,
        "std": 0.011092074105830997,
        "all": [
          0.3212933838367462,
          0.3146948516368866,
          0.2887536287307739,
          0.30355212092399597,
          0.30414462089538574
        ]
      },
      "GRAND": {
        "mean": 0.28174576759338377,
        "std": 0.01304951184337872,
        "all": [
          0.29648324847221375,
          0.292034775018692,
          0.2594141960144043,
          0.27678850293159485,
          0.28400811553001404
        ]
      },
      "GREAD": {
        "mean": 0.27715206146240234,
        "std": 0.007387024908648862,
        "all": [
          0.287753701210022,
          0.28265267610549927,
          0.2667161226272583,
          0.27593550086021423,
          0.27270230650901794
        ]
      },
      "noisy_identity": {
        "mean": 0.3005519449710846,
        "std": 0.008960761966883092,
        "all": [
          0.3127560317516327,
          0.3032214045524597,
          0.2849014103412628,
          0.3012315034866333,
          0.30064937472343445
        ]
      },
      "neighbor_avg": {
        "mean": 0.611788535118103,
        "std": 0.011765146008856668,
        "all": [
          0.6279236078262329,
          0.6060070395469666,
          0.6237264275550842,
          0.6025609970092773,
          0.5987246036529541
        ]
      }
    }
  },
  "masked": {
    "breast": {
      "N": 500,
      "M": 8,
      "graph": {
        "N": 500,
        "n_edges_undirected": 1215,
        "n_edges_directed": 2430,
        "avg_degree": 4.86,
        "min_degree": 0.0,
        "max_degree": 11.0,
        "lambda_2": -2.087677589691015e-16,
        "lambda_N": 1.973462406232786,
        "mean_weight": 0.09186854874836575
      },
      "genes": [
        "MGP",
        "IGKC",
        "IGLC2",
        "COX6C",
        "IGHG3",
        "IGHG4",
        "ALB",
        "IGLC1"
      ],
      "RD-GKAN": {
        "mean": 0.9544416904449463,
        "std": 0.03285708365343532,
        "all": [
          0.944193422794342,
          0.9374404549598694,
          1.0198057889938354,
          0.9337962865829468,
          0.9369724988937378
        ]
      },
      "GNN": {
        "mean": 0.960292375087738,
        "std": 0.04340488706331893,
        "all": [
          0.9347027540206909,
          0.9367442727088928,
          1.0468159914016724,
          0.9380363821983337,
          0.9451624751091003
        ]
      },
      "GAT": {
        "mean": 0.9595123887062073,
        "std": 0.04082135176001285,
        "all": [
          0.9414227604866028,
          0.928223729133606,
          1.0396502017974854,
          0.9360531568527222,
          0.9522120952606201
        ]
      },
      "GRAND": {
        "mean": 0.9798184037208557,
        "std": 0.03066303918762583,
        "all": [
          0.9651657342910767,
          0.9531158804893494,
          1.0379279851913452,
          0.9827616810798645,
          0.9601207375526428
        ]
      },
      "GREAD": {
        "mean": 0.9774172902107239,
        "std": 0.029067661124132917,
        "all": [
          0.945706844329834,
          0.9711839556694031,
          1.032126545906067,
          0.9642078280448914,
          0.9738612771034241
        ]
      }
    },
    "intestine": {
      "N": 434,
      "M": 8,
      "graph": {
        "N": 434,
        "n_edges_undirected": 1367,