{
  "_meta": {
    "n_seeds": 5,
    "sigma_noise": 0.3,
    "protocol": "region_based_split(test_fraction=0.2, seed=seed+200); noise=RandomState(seed+100).randn*0.3; train_model(n_epochs=1000, lr=1e-3, patience=50, l1=1e-4 for Graph KAN & Self-only else 0)",
    "self_only_impl": "CrossFeatureGraphKAN with empty edge_index/edge_weight (no neighbor aggregation; only per-node self_update + per-node mix)",
    "self_only_verification": {
      "deterministic_across_empty_graphs": true,
      "differs_from_full_graph": true
    },
    "device": "cuda",
    "breast_sanity_passed": true
  },
  "breast": {
    "Graph KAN": {
      "mean": 0.26531821489334106,
      "std": 0.011799821779167236,
      "all": [
        0.2857300341129303,
        0.25348812341690063,
        0.2668335437774658,
        0.25370028614997864,
        0.26683908700942993
      ]
    },
    "Self-only": {
      "mean": 0.266465300321579,
      "std": 0.0070696105947605095,
      "all": [
        0.27247852087020874,
        0.2565695643424988,
        0.27065977454185486,
        0.2593032419681549,
        0.2733153998851776
      ]
    },
    "GNN": {
      "mean": 0.2733250081539154,
      "std": 0.011447528214509214,
      "all": [
        0.2902093827724457,
        0.2583364248275757,
        0.2774771451950073,
        0.2628861665725708,
        0.27771592140197754
      ]
    },
    "GAT": {
      "mean": 0.3039698302745819,
      "std": 0.006784283075916565,
      "all": [
        0.3150207996368408,
        0.30466780066490173,
        0.2955928444862366,
        0.2983050048351288,
        0.30626270174980164
      ]
    },
    "GRAND": {
      "mean": 0.2772086799144745,
      "std": 0.00900687713783419,
      "all": [
        0.28550228476524353,
        0.26243534684181213,
        0.28589218854904175,
        0.27159279584884644,
        0.2806207835674286
      ]
    },
    "GREAD": {
      "mean": 0.28368824124336245,
      "std": 0.008253620644707164,
      "all": [
        0.29209020733833313,
        0.27270370721817017,
        0.28944486379623413,
        0.27464526891708374,
        0.28955715894699097
      ]
    },
    "_graph_stats": {
      "N": 500,
      "n_edges_undirected": 1215,
      "n_edges_directed": 2430,
      "avg_degree": 4.86,
      "min_degree": 0.0,
      "max_degree": 11.0,
      "lambda_2": -8.606499347601017e-17,
      "lambda_N": 1.9734624062327841,
      "mean_weight": 0.09186854874836575
    },
    "_gene_names": [
      "MGP",
      "IGKC",
      "IGLC2",
      "COX6C",
      "IGHG3",
      "IGHG4",
      "ALB",
      "IGLC1"
    ]
  },
  "intestine": {
    "Graph KAN": {
      "mean": 0.25527523159980775,
      "std": 0.005513883761711324,
      "all": [
        0.2591226398944855,
        0.2614684998989105,
        0.24810372292995453,
        0.24918721616268158,
        0.2584940791130066
      ]
    },
    "Self-only": {
      "mean": 0.25988540053367615,
      "std": 0.00830157352072577,
      "all": [
        0.2690735161304474,
        0.2653120160102844,
        0.24489673972129822,
        0.25834304094314575,
        0.26180168986320496
      ]
    },
    "GNN": {
      "mean": 0.2649910271167755,
      "std": 0.0107803631269619,
      "all": [
        0.279382586479187,
        0.27461302280426025,
        0.2521175742149353,
        0.2542438805103302,
        0.2645980715751648
      ]
    },
    "GAT": {
      "mean": 0.2987506926059723,
      "std": 0.013000501262062928,
      "all": [
        0.31640180945396423,
        0.29846304655075073,
        0.27616390585899353,
        0.30355507135391235,
        0.2991696298122406
      ]
    },
    "GRAND": {
      "mean": 0.2695461869239807,
      "std": 0.009045113883025062,
      "all": [
        0.28063976764678955,
        0.2744864225387573,
        0.2533954083919525,
        0.2702139616012573,
        0.26899537444114685
      ]
    },
    "GREAD": {
      "mean": 0.27416553497314455,
      "std": 0.010241751965612526,
      "all": [
        0.28751882910728455,
        0.2778002917766571,
        0.2560300827026367,
        0.2734368145465851,
        0.2760416567325592
      ]
    },
    "_graph_stats": {
      "N": 434,
      "n_edges_undirected": 1368,
      "n_edges_directed": 2736,
      "avg_degree": 6.304147465437788,
      "min_degree": 2.0,
      "max_degree": 9.0,
      "lambda_2": 0.0035890001491265264,
      "lambda_N": 1.2369289755904898,
      "mean_weight": 0.1237157293386111
    },
    "_gene_names": [
      "HBG2",
      "HBA2",
      "MT1H",
      "MT1G",
      "ACTG2",
      "COL3A1",
      "TTR",
      "TAGLN"
    ]
  }
}