{
  "s06": {
    "N": 11,
    "T": 224,
    "avg_degree": 2.15,
    "one_step_rmse": {
      "Persistence": 0.0,
      "AR(1)": 0.04156440868973732,
      "Full": {
        "mean": 0.003352304299672445,
        "std": 0.0039050268041639483
      },
      "Self-only": {
        "mean": 0.0026483635107676187,
        "std": 0.0011757661209729664
      },
      "Shuffled": {
        "mean": 0.0063248081132769585,
        "std": 0.0037705265562178233
      },
      "Diff-only": {
        "mean": 0.0,
        "std": 0.0
      }
    },
    "D_theta": 0.12450569619735082
  },
  "s08": {
    "N": 8,
    "T": 279,
    "avg_degree": 1.25,
    "one_step_rmse": {
      "Persistence": 0.0,
      "AR(1)": 0.014102039858698845,
      "Full": {
        "mean": 0.0013843178749084473,
        "std": 0.0006985786695136215
      },
      "Self-only": {
        "mean": 0.0016943116400701304,
        "std": 0.000569035507890904
      },
      "Shuffled": {
        "mean": 0.001975407164233426,
        "std": 0.0015560605675336969
      },
      "Diff-only": {
        "mean": 0.0,
        "std": 0.0
      }
    },
    "D_theta": 0.19650978098313013
  },
  "s10": {
    "N": 6,
    "T": 282,
    "avg_degree": 2.78,
    "one_step_rmse": {
      "Persistence": 0.016785910353064537,
      "AR(1)": 0.04430099204182625,
      "Full": {
        "mean": 0.019040970131754875,
        "std": 0.002256636882311275
      },
      "Self-only": {
        "mean": 0.01861579033235709,
        "std": 0.0014484334007398947
      },
      "Shuffled": {
        "mean": 0.018993814786275227,
        "std": 0.0018930549371589155
      },
      "Diff-only": {
        "mean": 0.01735612563788891,
        "std": 0.0
      }
    },
    "D_theta": 0.11832034587860107
  },
  "s14": {
    "N": 4,
    "T": 134,
    "avg_degree": 1.54,
    "one_step_rmse": {
      "Persistence": 0.02400868758559227,
      "AR(1)": 0.02803124114871025,
      "Full": {
        "mean": 0.024590278665224712,
        "std": 0.0003597098239249995
      },
      "Self-only": {
        "mean": 0.024907248094677925,
        "std": 0.000160572693973936
      },
      "Shuffled": {
        "mean": 0.024323648462692898,
        "std": 0.0003403318127652569
      },
      "Diff-only": {
        "mean": 0.024019325152039528,
        "std": 0.0
      }
    },
    "D_theta": 0.06796404471000035
  },
  "s15": {
    "N": 6,
    "T": 189,
    "avg_degree": 2.82,
    "one_step_rmse": {
      "Persistence": 0.036893874406814575,
      "AR(1)": 0.19083155691623688,
      "Full": {
        "mean": 0.04153365145126978,
        "std": 0.006259025190196165
      },
      "Self-only": {
        "mean": 0.041439191748698555,
        "std": 0.0030643867802948917
      },
      "Shuffled": {
        "mean": 0.04627308249473572,
        "std": 0.009818283229628941
      },
      "Diff-only": {
        "mean": 0.03488743305206299,
        "std": 0.0
      }
    },
    "D_theta": 0.11805292715628941
  },
  "s24": {
    "N": 7,
    "T": 216,
    "avg_degree": 1.4,
    "one_step_rmse": {
      "Persistence": 0.0,
      "AR(1)": 0.05378776788711548,
      "Full": {
        "mean": 0.004030625025431315,
        "std": 0.0033044010736216164
      },
      "Self-only": {
        "mean": 0.00204853224568069,
        "std": 0.0008721386359376567
      },
      "Shuffled": {
        "mean": 0.002965430496260524,
        "std": 0.0020478137119823245
      },
      "Diff-only": {
        "mean": 0.0,
        "std": 0.0
      }
    },
    "D_theta": 0.15517651041348776
  },
  "s26": {
    "N": 4,
    "T": 708,
    "avg_degree": 1.67,
    "one_step_rmse": {
      "Persistence": 0.0,
      "AR(1)": 0.0,
      "Full": {
        "mean": 0.0002140495926141739,
        "std": 6.919425345939018e-06
      },
      "Self-only": {
        "mean": 0.00021781890730684003,
        "std": 5.629473672797352e-05
      },
      "Shuffled": {
        "mean": 0.00010591550623454775,
        "std": 2.6824684906639994e-05
      },
      "Diff-only": {
        "mean": 0.0,
        "std": 0.0
      }
    },
    "D_theta": 0.015933619656910498
  },
  "s27": {
    "N": 8,
    "T": 526,
    "avg_degree": 3.49,
    "one_step_rmse": {
      "Persistence": 0.0,
      "AR(1)": 0.057826049625873566,
      "Full": {
        "mean": 0.000821081300576528,
        "std": 0.0006456148155229002
      },
      "Self-only": {
        "mean": 0.005119905186196168,
        "std": 0.006879230019574835
      },
      "Shuffled": {
        "mean": 0.004091357346624136,
        "std": 0.0026530453635147918
      },
      "Diff-only": {
        "mean": 0.0,
        "std": 0.0
      }
    },
    "D_theta": 0.12665893137454987
  },
  "s28": {
    "N": 5,
    "T": 514,
    "avg_degree": 1.8,
    "one_step_rmse": {
      "Persistence": 0.0,
      "AR(1)": 0.008809208869934082,
      "Full": {
        "mean": 0.0002117156982421875,
        "std": 0.00010711351028033261
      },
      "Self-only": {
        "mean": 0.0004108746846516927,
        "std": 0.0001624051489517347
      },
      "Shuffled": {
        "mean": 0.00018886725107828775,
        "std": 0.00010329581050996757
      },
      "Diff-only": {
        "mean": 0.0,
        "std": 0.0
      }
    },
    "D_theta": 0.03570852428674698
  },
  "s34": {
    "N": 6,
    "T": 204,
    "avg_degree": 1.35,
    "one_step_rmse": {
      "Persistence": 0.0662975162267685,
      "AR(1)": 0.08616305142641068,
      "Full": {
        "mean": 0.07572910189628601,
        "std": 0.007734744389526801
      },
      "Self-only": {
        "mean": 0.0681255633632342,
        "std": 0.0007220404919020154
      },
      "Shuffled": {
        "mean": 0.09093131870031357,
        "std": 0.018102151840135045
      },
      "Diff-only": {
        "mean": 0.06384041905403137,
        "std": 0.0
      }
    },
    "D_theta": 0.13219869136810303
  },
  "s36": {
    "N": 5,
    "T": 194,
    "avg_degree": 1.6,
    "one_step_rmse": {
      "Persistence": 0.04525887593626976,
      "AR(1)": 0.0632750540971756,
      "Full": {
        "mean": 0.05326419323682785,
        "std": 0.006367849940197631
      },
      "Self-only": {
        "mean": 0.050257232040166855,
        "std": 0.0037536890897464583
      },
      "Shuffled": {
        "mean": 0.05620554958780607,
        "std": 0.0039481226959722365
      },
      "Diff-only": {
        "mean": 0.04465090110898018,
        "std": 0.0
      }
    },
    "D_theta": 0.09952968607346217
  },
  "s37": {
    "N": 7,
    "T": 229,
    "avg_degree": 1.39,
    "one_step_rmse": {
      "Persistence": 0.016602689400315285,
      "AR(1)": 0.03842788189649582,
      "Full": {
        "mean": 0.02549712359905243,
        "std": 0.0064287913908974426
      },
      "Self-only": {
        "mean": 0.020500613376498222,
        "std": 0.003093551528252453
      },
      "Shuffled": {
        "mean": 0.025241343925396603,
        "std": 0.0051420201338600174
      },
      "Diff-only": {
        "mean": 0.016318896785378456,
        "std": 0.0
      }
    },
    "D_theta": 0.10914201041062672
  },
  "s38": {
    "N": 10,
    "T": 292,
    "avg_degree": 2.65,
    "one_step_rmse": {
      "Persistence": 0.020183702930808067,
      "AR(1)": 0.028169231489300728,
      "Full": {
        "mean": 0.023995705569783848,
        "std": 0.0011495408747729024
      },
      "Self-only": {
        "mean": 0.0236774484316508,
        "std": 0.002608225360714325
      },
      "Shuffled": {
        "mean": 0.023737929140528042,
        "std": 0.001799362311374511
      },
      "Diff-only": {
        "mean": 0.02147221378982067,
        "std": 0.0
      }
    },
    "D_theta": 0.10018470635016759
  },
  "_aggregate": {
    "n_experiments": 13,
    "experiments": [
      "s06",
      "s08",
      "s10",
      "s14",
      "s15",
      "s24",
      "s26",
      "s27",
      "s28",
      "s34",
      "s36",
      "s37",
      "s38"
    ],
    "full_beats_self": 5,
    "full_beats_shuffled": 6,
    "full_beats_persistence": 0,