{
  "s06": {
    "controls": {
      "Full": {
        "rmse": 0.30802536266190667,
        "D": 0.3893436789512634
      },
      "Self-only": {
        "rmse": 0.343858483007976,
        "D": 0.001567251980304718
      },
      "Shuffled": {
        "rmse": 0.32179423570632937,
        "D": 0.4676831364631653
      },
      "Diff-only": {
        "rmse": 0.12003003390772002,
        "D": 0.33567100763320923
      }
    },
    "N": 15,
    "T": 120,
    "stability": {
      "mu": -0.08806586265563965,
      "rho": 0.9119341373443604,
      "margin": 0.08806586265563965
    }
  },
  "s07": {
    "controls": {
      "Full": {
        "rmse": 0.359150704741478,
        "D": 0.36240026354789734
      },
      "Self-only": {
        "rmse": 0.40741111636161803,
        "D": 0.0001902656367747113
      },
      "Shuffled": {
        "rmse": 0.36704814434051514,
        "D": 0.26179173588752747
      },
      "Diff-only": {
        "rmse": 0.3109133914113045,
        "D": 0.1398964375257492
      }
    },
    "N": 14,
    "T": 120,
    "stability": {
      "mu": 0.0657886266708374,
      "rho": 1.0657886266708374,
      "margin": -0.0657886266708374
    }
  },
  "s08": {
    "controls": {
      "Full": {
        "rmse": 0.4637193824563708,
        "D": 0.4429308772087097
      },
      "Self-only": {
        "rmse": 0.46518918020384653,
        "D": 0.001631560386158526
      },
      "Shuffled": {
        "rmse": 0.4557981439999172,
        "D": 0.5010936856269836
      },
      "Diff-only": {
        "rmse": 0.5116569484983172,
        "D": 0.25831809639930725
      }
    },
    "N": 13,
    "T": 120,
    "stability": {
      "mu": -0.20965933799743652,
      "rho": 0.7903406620025635,
      "margin": 0.20965933799743652
    }
  },
  "s10": {
    "controls": {
      "Full": {
        "rmse": 0.7427750153200967,
        "D": 0.22038382291793823
      },
      "Self-only": {
        "rmse": 0.7483154203210558,
        "D": 0.0016474223230034113
      },
      "Shuffled": {
        "rmse": 0.7473759429795401,
        "D": 0.20699931681156158
      },
      "Diff-only": {
        "rmse": 0.74850971528462,
        "D": 0.7346561551094055
      }
    },
    "N": 11,
    "T": 120,
    "stability": {
      "mu": -0.3737211227416992,
      "rho": 0.6262788772583008,
      "margin": 0.3737211227416992
    }
  },
  "s14": {
    "controls": {
      "Full": {
        "rmse": 0.10346344666821616,
        "D": 0.2709559202194214
      },
      "Self-only": {
        "rmse": 0.07917252842869077,
        "D": 0.03268175944685936
      },
      "Shuffled": {
        "rmse": 0.11539669526474816,
        "D": 0.3563095033168793
      },
      "Diff-only": {
        "rmse": 0.03655893227218517,
        "D": 0.26852062344551086
      }
    },
    "N": 11,
    "T": 120,
    "stability": {
      "mu": -0.13727694749832153,
      "rho": 0.8627230525016785,
      "margin": 0.13727694749832153
    }
  },
  "s15": {
    "controls": {
      "Full": {
        "rmse": 0.6733958235808781,
        "D": 0.38041773438453674
      },
      "Self-only": {
        "rmse": 0.6964664621012552,
        "D": 0.001567251980304718
      },
      "Shuffled": {
        "rmse": 0.6780172501291547,
        "D": 0.5100642442703247
      },
      "Diff-only": {
        "rmse": 0.7221141376665661,
        "D": 0.3308277726173401
      }
    },
    "N": 11,
    "T": 120,
    "stability": {
      "mu": -0.03032386302947998,
      "rho": 0.96967613697052,
      "margin": 0.03032386302947998
    }
  },
  "s17": {
    "controls": {
      "Full": {
        "rmse": 0.17853903131825583,
        "D": 0.25498825311660767
      },
      "Self-only": {
        "rmse": 0.17146182869161877,
        "D": 0.009735696017742157
      },
      "Shuffled": {
        "rmse": 0.1715286789195878,
        "D": 0.16418302059173584
      },
      "Diff-only": {
        "rmse": 0.12577363289892673,
        "D": 0.15435008704662323
      }
    },
    "N": 8,
    "T": 120,
    "stability": {
      "mu": -0.02648681402206421,
      "rho": 0.9735131859779358,
      "margin": 0.02648681402206421
    }
  },
  "s24": {
    "controls": {
      "Full": {
        "rmse": 0.6553627742188317,
        "D": 0.41301095485687256
      },
      "Self-only": {
        "rmse": 0.6804541868822915,
        "D": 0.00013922493963036686
      },
      "Shuffled": {
        "rmse": 0.7052757565464293,
        "D": 0.18763412535190582
      },
      "Diff-only": {
        "rmse": 0.6836074042533126,
        "D": 0.1895027905702591
      }
    },
    "N": 15,
    "T": 120,
    "stability": {
      "mu": 0.015050172805786133,
      "rho": 1.0150501728057861,
      "margin": -0.015050172805786133
    }
  },
  "s26": {
    "controls": {
      "Full": {
        "rmse": 0.005392276216298342,
        "D": 0.11915001273155212
      },
      "Self-only": {
        "rmse": 0.036350149661302567,
        "D": 0.0002530413621570915
      },
      "Shuffled": {
        "rmse": 0.01689653843641281,
        "D": 0.3285394310951233
      },
      "Diff-only": {
        "rmse": 0.0,
        "D": 0.18982388079166412
      }
    },
    "N": 15,
    "T": 120,
    "stability": {
      "mu": -0.0714324414730072,
      "rho": 0.9285675287246704,
      "margin": 0.07143247127532959
    }
  },
  "s27": {
    "controls": {
      "Full": {
        "rmse": 2.4062393322310527e-07,
        "D": 2.197322990227235e-09
      },
      "Self-only": {
        "rmse": 6.047426359145902e-05,
        "D": 9.15845430426998e-06
      },
      "Shuffled": {
        "rmse": 3.2911937069002306e-06,
        "D": 1.1465700708868098e-06
      },
      "Diff-only": {
        "rmse": 0.0,
        "D": 0.09545454382896423
      }
    },
    "N": 8,
    "T": 120,
    "stability": {
      "mu": 0.002268671934757549,
      "rho": 1.002268671989441,
      "margin": -0.002268671989440918
    }
  },
  "s28": {
    "controls": {
      "Full": {
        "rmse": 0.8431849896907806,
        "D": 0.18346770107746124
      },
      "Self-only": {
        "rmse": 0.8657078087329865,
        "D": 0.01647777296602726
      },
      "Shuffled": {
        "rmse": 0.833132609299251,
        "D": 0.4823571443557739
      },
      "Diff-only": {
        "rmse": 0.8603725893156869,
        "D": 0.3492550253868103
      }
    },
    "N": 15,
    "T": 120,
    "stability": {
      "mu": -0.18656253814697266,
      "rho": 0.8134374618530273,
      "margin": 0.18656253814697266
    }
  },
  "s34": {
    "controls": {
      "Full": {
        "rmse": 0.6628379830292292,
        "D": 0.3615628778934479
      },
      "Self-only": {
        "rmse": 0.6606312083346503,
        "D": 0.00869003776460886
      },
      "Shuffled": {
        "rmse": 0.6101049384900502,
        "D": 0.206262469291687
      },
      "Diff-only": {
        "rmse": 0.6008865705558232,
        "D": 0.1546611189842224
      }
    },
    "N": 11,
    "T": 120,
    "stability": {
      "mu": -0.2644956111907959,
      "rho": 0.7355043888092041,
      "margin": 0.2644956111907959
    }
  },
  "s36": {
    "controls": {
      "Full": {
        "rmse": 0.3553667990224702,
        "D": 0.32919541001319885
      },
      "Self-only": {
        "rmse": 0.3564374312758446,
        "D": 0.055971719324588776
      },
      "Shuffled": {
        "rmse": 0.3530761712363788,
        "D": 0.21230129897594452
      },
      "Diff-only": {
        "rmse": 0.3501484638878277,
        "D": 0.26289790868759155
      }
    },
    "N": 9,
    "T": 120,
    "stability": {
      "mu": -0.14487653970718384,
      "rho": 0.8551234602928162,
      "margin": 0.14487653970718384
    }
  },
  "s37": {
    "controls": {
      "Full": {
        "rmse": 0.3356158511979239,
        "D": 0.25646162033081055
      },
      "Self-only": {
        "rmse": 0.3676465494292123,
        "D": 0.0008192438399419188
      },
      "Shuffled": {
        "rmse": 0.32837178941283907,
        "D": 0.23155923187732697
      },
      "Diff-only": {
        "rmse": 0.3137669537748609,