{
  "wound": {
    "M": 8,
    "n_seeds": 5,
    "sigma": 0.3,
    "protocol": "3-way region split; inductive; val early-stop; constrained RD-GKAN",
    "conditions": {
      "Skin": {
        "N": 500,
        "avg_degree": 5.22,
        "RD-GKAN": {
          "mean": 0.27933690547943113,
          "std": 0.019091609530816782,
          "all": [
            0.25173813104629517,
            0.2609264552593231,
            0.29153960943222046,
            0.2953844964504242,
            0.2970958352088928
          ]
        },
        "Self-only": {
          "mean": 0.28037543296813966,
          "std": 0.018882875030104176,
          "all": [
            0.25338634848594666,
            0.26185309886932373,
            0.2918192744255066,
            0.2975907325744629,
            0.2972277104854584
          ]
        },
        "GNN": {
          "mean": 0.32451729774475097,
          "std": 0.04222163839789466,
          "all": [
            0.26286593079566956,
            0.28986993432044983,
            0.3353840112686157,
            0.358730286359787,
            0.3757363259792328
          ]
        }
      },
      "Wound d1": {
        "N": 500,
        "avg_degree": 4.22,
        "RD-GKAN": {
          "mean": 0.276881742477417,
          "std": 0.009555174890287123,
          "all": [
            0.27486059069633484,
            0.2719195485115051,
            0.27307620644569397,
            0.2956012785434723,
            0.26895108819007874
          ]
        },
        "Self-only": {
          "mean": 0.27755860686302186,
          "std": 0.009379923840447765,
          "all": [
            0.27531513571739197,
            0.27270710468292236,
            0.274181991815567,
            0.29593053460121155,
            0.26965826749801636
          ]
        },
        "GNN": {
          "mean": 0.31293123960494995,
          "std": 0.038749664594822104,
          "all": [
            0.377353310585022,
            0.33461496233940125,
            0.28260257840156555,
            0.29939404129981995,
            0.27069130539894104
          ]
        }
      },
      "Wound d7": {
        "N": 500,
        "avg_degree": 4.64,
        "RD-GKAN": {
          "mean": 0.27800793051719663,
          "std": 0.010375232218595131,
          "all": [
            0.26816442608833313,
            0.2739735245704651,
            0.29784953594207764,
            0.2776322364807129,
            0.27241992950439453
          ]
        },
        "Self-only": {
          "mean": 0.2794919192790985,
          "std": 0.009719266335255519,
          "all": [
            0.2705901563167572,
            0.27566009759902954,
            0.29817360639572144,
            0.2789366543292999,
            0.27409908175468445
          ]
        },
        "GNN": {
          "mean": 0.26283142566680906,
          "std": 0.004150163703994394,
          "all": [
            0.27026551961898804,
            0.26406344771385193,
            0.2586926817893982,
            0.25957831740379333,
            0.2615571618080139
          ]
        }
      },
      "Wound d30": {
        "N": 500,
        "avg_degree": 4.05,
        "RD-GKAN": {
          "mean": 0.2644915819168091,
          "std": 0.029911344204433202,
          "all": [
            0.2870334982872009,
            0.30120596289634705,
            0.2757926881313324,
            0.22969774901866913,
            0.2287280112504959
          ]
        },
        "Self-only": {
          "mean": 0.265070316195488,
          "std": 0.029614276439519673,
          "all": [
            0.28738120198249817,
            0.3015536367893219,
            0.2760598063468933,
            0.23071114718914032,
            0.22964578866958618
          ]
        },
        "GNN": {
          "mean": 0.3130973279476166,
          "std": 0.08571910170257126,
          "all": [
            0.3324310779571533,
            0.2991931736469269,
            0.4665052890777588,
            0.23707084357738495,
            0.23028625547885895
          ]
        }
      }
    }
  },
  "ablation": {
    "N": 500,
    "M": 8,
    "n_seeds": 5,
    "graph": {
      "N": 500,
      "n_edges_undirected": 1215,
      "n_edges_directed": 2430,
      "avg_degree": 4.86,
      "min_degree": 0.0,
      "max_degree": 11.0,
      "lambda_2": -2.087677589691015e-16,
      "lambda_N": 1.973462406232786,
      "mean_weight": 0.09186854874836575
    },
    "Full": {
      "mean": 0.28818707466125487,
      "std": 0.003886370358901584,
      "all": [
        0.295381098985672,
        0.2862699031829834,
        0.28411370515823364,
        0.2864077687263489,
        0.2887628972530365
      ]
    },
    "Self-only": {
      "mean": 0.2882676124572754,
      "std": 0.003882291718708347,
      "all": [
        0.29545658826828003,
        0.2863224148750305,
        0.2842234671115875,
        0.2864801287651062,
        0.2888554632663727
      ]
    },
    "Diffusion-only": {
      "mean": 0.3011899530887604,
      "std": 0.007895454398963362,
      "all": [
        0.31425514817237854,
        0.30206888914108276,
        0.2898143529891968,
        0.2979671061038971,
        0.3018442690372467
      ]
    },
    "Linear": {
      "mean": 0.28992007970809935,
      "std": 0.006693032552120466,
      "all": [
        0.3003700077533722,
        0.28567564487457275,
        0.2809266746044159,
        0.2888645827770233,
        0.29376348853111267
      ]
    },
    "GNN": {
      "mean": 0.2861713945865631,
      "std": 0.0073028374482337404,
      "all": [
        0.29604578018188477,
        0.28889620304107666,
        0.2813968360424042,
        0.2748997211456299,
        0.28961843252182007
      ]
    },
    "_degradation_pct": {
      "Self-only": 0.0,
      "Diffusion-only": 4.5,
      "Linear": 0.6,
      "GNN": -0.7
    }
  }
}