{
 "target_gene": "S100A8",
 "gene_set": [
  "S100A8",
  "KRT10",
  "SCGB2A2",
  "KRT1",
  "S100A2",
  "KRT14",
  "CST6",
  "KRT5"
 ],
 "M": 8,
 "n_seeds": 5,
 "noise_sigma": 0.3,
 "conditions": {
  "Skin": {
   "x": [
    -0.3144,
    -0.2512,
    -0.1879,
    -0.1246,
    -0.0613,
    0.002,
    0.0652,
    0.1285,
    0.1918,
    0.2551,
    0.3184,
    0.3816,
    0.4449,
    0.5082,
    0.5715,
    0.6347,
    0.698,
    0.7613,
    0.8246,
    0.8879,
    0.9511,
    1.0144,
    1.0777,
    1.141,
    1.2042,
    1.2675,
    1.3308,
    1.3941,
    1.4574,
    1.5206,
    1.5839,
    1.6472,
    1.7105,
    1.7738,
    1.837,
    1.9003,
    1.9636,
    2.0269,
    2.0901,
    2.1534,
    2.2167,
    2.28,
    2.3433,
    2.4065,
    2.4698,
    2.5331,
    2.5964,
    2.6597,
    2.7229,
    2.7862,
    2.8495,
    2.9128,
    2.976,
    3.0393,
    3.1026,
    3.1659,
    3.2292,
    3.2924,
    3.3557,
    3.419
   ],
   "psi_mean": [
    0.01385,
    -0.0291,
    -0.07042,
    -0.10995,
    -0.14754,
    -0.18302,
    -0.21623,
    -0.247,
    -0.27517,
    -0.30058,
    -0.32306,
    -0.34246,
    -0.3586,
    -0.37133,
    -0.38047,
    -0.38587,
    -0.38736,
    -0.38478,
    -0.37796,
    -0.36696,
    -0.35211,
    -0.33375,
    -0.31224,
    -0.28793,
    -0.26117,
    -0.2323,
    -0.20169,
    -0.16968,
    -0.13662,
    -0.10286,
    -0.06875,
    -0.03464,
    -0.00089,
    0.03216,
    0.06415,
    0.09473,
    0.12355,
    0.15027,
    0.17452,
    0.19596,
    0.21423,
    0.22899,
    0.23988,
    0.24655,
    0.2488,
    0.24686,
    0.24106,
    0.23172,
    0.21915,
    0.20368,
    0.18562,
    0.1653,
    0.14303,
    0.11913,
    0.09393,
    0.06774,
    0.04087,
    0.01366,
    -0.01358,
    -0.04054
   ],
   "psi_std": [
    0.00541,
    0.00619,
    0.00661,
    0.00669,
    0.00648,
    0.00605,
    0.00548,
    0.00491,
    0.00456,
    0.00468,
    0.00537,
    0.00656,
    0.00807,
    0.00978,
    0.01159,
    0.01343,
    0.01526,
    0.01703,
    0.01871,
    0.02026,
    0.02168,
    0.02298,
    0.02416,
    0.02521,
    0.02613,
    0.02693,
    0.02759,
    0.02812,
    0.02852,
    0.02878,
    0.0289,
    0.02888,
    0.02872,
    0.02841,
    0.02795,
    0.02734,
    0.02658,
    0.02566,
    0.02459,
    0.02337,
    0.02201,
    0.02052,
    0.01893,
    0.01728,
    0.01564,
    0.01417,
    0.01303,
    0.01245,
    0.0126,
    0.01355,
    0.01517,
    0.01731,
    0.01979,
    0.02249,
    0.02531,
    0.02817,
    0.03102,
    0.0338,
    0.03648,
    0.03902
   ],
   "N": 500,
   "avg_degree": 5.22,
   "fit_rmse": 0.0541,
   "support": [
    -0.314,
    3.419
   ]
  },
  "Wound d1": {
   "x": [
    -1.0782,
    -1.0056,
    -0.9331,
    -0.8605,
    -0.7879,
    -0.7154,
    -0.6428,
    -0.5703,
    -0.4977,
    -0.4252,
    -0.3526,
    -0.28,
    -0.2075,
    -0.1349,
    -0.0624,
    0.0102,
    0.0828,
    0.1553,
    0.2279,
    0.3004,
    0.373,
    0.4456,
    0.5181,
    0.5907,
    0.6632,
    0.7358,
    0.8084,
    0.8809,
    0.9535,
    1.026,
    1.0986,
    1.1712,
    1.2437,
    1.3163,
    1.3888,
    1.4614,
    1.5339,
    1.6065,
    1.6791,
    1.7516,
    1.8242,
    1.8967,
    1.9693,
    2.0419,
    2.1144,
    2.187,
    2.2595,
    2.3321,
    2.4047,
    2.4772,
    2.5498,
    2.6223,
    2.6949,
    2.7675,
    2.84,
    2.9126,
    2.9851,
    3.0577,
    3.1303,
    3.2028
   ],
   "psi_mean": [
    0.18998,
    0.16898,
    0.14811,
    0.1275,
    0.1073,
    0.08761,
    0.06846,
    0.04991,
    0.03197,
    0.01468,
    -0.00193,
    -0.01782,
    -0.03296,
    -0.04731,
    -0.06084,
    -0.07352,
    -0.08531,
    -0.09617,
    -0.10606,
    -0.11496,
    -0.12282,
    -0.1296,
    -0.13528,
    -0.1398,
    -0.14314,
    -0.14524,
    -0.14609,
    -0.14566,
    -0.14404,
    -0.14134,
    -0.13766,
    -0.13311,
    -0.12778,
    -0.12178,
    -0.11521,
    -0.10818,
    -0.10078,
    -0.09312,
    -0.08531,
    -0.07745,
    -0.06963,
    -0.06198,
    -0.05458,
    -0.04755,
    -0.04098,
    -0.03499,
    -0.02968,
    -0.02515,
    -0.0215,
    -0.01882,
    -0.01706,
    -0.01617,
    -0.0161,
    -0.01679,
    -0.01819,
    -0.02023,
    -0.02287,
    -0.02604,
    -0.02971,
    -0.0338
   ],
   "psi_std": [
    0.00298,
    0.00337,
    0.0041,
    0.00485,
    0.00547,
    0.00588,
    0.00608,
    0.00607,
    0.00589,
    0.00554,
    0.00507,
    0.00451,
    0.00391,
    0.00337,
    0.003,
    0.00295,
    0.00329,
    0.00392,
    0.00473,
    0.00561,
    0.0065,
    0.00735,
    0.00814,
    0.00882,
    0.00938,
    0.0098,
    0.01005,
    0.01013,
    0.01006,
    0.00987,
    0.00959,
    0.00925,
    0.00891,
    0.00859,
    0.00836,
    0.00825,
    0.00831,
    0.00854,
    0.00895,
    0.0095,
    0.01017,
    0.01092,
    0.01171,
    0.01251,
    0.01329,
    0.01402,
    0.01468,
    0.01527,
    0.01575,
    0.01614,
    0.01644,
    0.01666,
    0.01683,
    0.01697,
    0.0171,
    0.01724,
    0.0174,
    0.01762,
    0.0179,
    0.01826
   ],
   "N": 500,
   "avg_degree": 4.22,
   "fit_rmse": 0.0626,
   "support": [
    -1.078,
    3.203
   ]
  },
  "Wound d7": {
   "x": [
    -0.9887,
    -0.9194,
    -0.8502,
    -0.7809,
    -0.7117,
    -0.6425,
    -0.5732,
    -0.504,
    -0.4347,
    -0.3655,
    -0.2963,
    -0.227,
    -0.1578,
    -0.0885,
    -0.0193,
    0.05,
    0.1192,
    0.1884,
    0.2577,
    0.3269,
    0.3962,
    0.4654,
    0.5346,
    0.6039,
    0.6731,
    0.7424,
    0.8116,
    0.8809,
    0.9501,
    1.0193,
    1.0886,
    1.1578,
    1.2271,
    1.2963,
    1.3655,
    1.4348,
    1.504,
    1.5733,
    1.6425,
    1.7118,
    1.781,
    1.8502,
    1.9195,
    1.9887,
    2.058,
    2.1272,
    2.1964,
    2.2657,
    2.3349,
    2.4042,
    2.4734,
    2.5427,
    2.6119,
    2.6811,
    2.7504,
    2.8196,
    2.8889,
    2.9581,
    3.0273,
    3.0966
   ],
   "psi_mean": [
    0.16068,
    0.13525,
    0.11084,
    0.08765,
    0.0658,
    0.04527,
    0.02605,
    0.0081,
    -0.0086,
    -0.02408,
    -0.03837,
    -0.05149,
    -0.06347,
    -0.07433,
    -0.08409,
    -0.09279,
    -0.10043,
    -0.10705,
    -0.11267,
    -0.1173,
    -0.12096,
    -0.12368,
    -0.12547,
    -0.12636,
    -0.12636,
    -0.12548,
    -0.12376,
    -0.12121,
    -0.11793,
    -0.11399,
    -0.10949,
    -0.10452,
    -0.09916,
    -0.09349,
    -0.08761,
    -0.0816,
    -0.07555,
    -0.06954,
    -0.06368,
    -0.05803,
    -0.0527,
    -0.04777,
    -0.04333,
    -0.03946,
    -0.03627,
    -0.03383,
    -0.03224,
    -0.03159,
    -0.03197,
    -0.03347,
    -0.03614,
    -0.03993,
    -0.04477,
    -0.05056,
    -0.05722,
    -0.06468,
    -0.07286,
    -0.08167,
    -0.09104,
    -0.10089
   ],
   "psi_std": [
    0.00906,
    0.00701,
    0.00714,
    0.00858,
    0.01018,
    0.01149,
    0.01237,
    0.01279,
    0.01277,
    0.01235,
    0.01156,
    0.01049,
    0.00922,
    0.00786,
    0.00663,
    0.00584,
    0.0059,
    0.00687,
    0.00848,
    0.01041,
    0.01247,
    0.01453,
    0.01648,
    0.01828,
    0.01984,
    0.02112,
    0.02207,
    0.02266,
    0.02291,
    0.02285,
    0.02252,
    0.02195,
    0.02118,
    0.02025,
    0.01919,
    0.01805,
    0.01686,
    0.01568,
    0.01454,
    0.01351,
    0.01262,
    0.0119,
    0.01138,
    0.01104,
    0.01088,
    0.01082,
    0.01082,
    0.01081,
    0.01073,
    0.01055,
    0.01024,
    0.00982,
    0.00936,
    0.00892,
    0.00861,
    0.00854,
    0.00882,
    0.0095,
    0.01055,
    0.01191
   ],
   "N": 500,
   "avg_degree": 4.64,
   "fit_rmse": 0.0642,
   "support": [
    -0.989,
    3.097
   ]
  },